Word,Meaning in Hindi,Example Sentence
apple,seb,
water,pani,
family,parivar,
house,ghar,
book,kitaab,
school,school,
friend,dost,
happy,khush,
beautiful,sundar,
important,mahatvapurn,
apple,seb,
water,pani,
family,parivar,
house,ghar,
book,kitaab,
school,school,
friend,dost,
happy,khush,
beautiful,sundar,
important,mahatvapurn,
apple,seb,
water,pani,
family,parivar,
house,ghar,
book,kitaab,
school,school,
friend,dost,
happy,khush,
beautiful,sundar,
important,mahatvapurn,
apple,seb,
water,pani,
family,parivar,
house,ghar,
book,kitaab,
school,school,
friend,dost,
happy,khush,
beautiful,sundar,
important,mahatvapurn,
apple,seb,
water,pani,
family,parivar,
house,ghar,
book,kitaab,
school,school,
friend,dost,
happy,khush,
beautiful,sundar,
important,mahatvapurn,
apple,seb,
water,pani,
family,parivar,
house,ghar,
book,kitaab,
school,school,
friend,dost,
happy,khush,
beautiful,sundar,
important,mahatvapurn,
apple,seb,
water,pani,
family,parivar,
house,ghar,
book,kitaab,
school,school,
friend,dost,
happy,khush,
beautiful,sundar,
important,mahatvapurn,
apple,seb,
water,pani,
family,parivar,
house,ghar,
book,kitaab,
school,school,
friend,dost,
happy,khush,
beautiful,sundar,
important,mahatvapurn,
apple,seb,
water,pani,
family,parivar,
house,ghar,
book,kitaab,
school,school,
friend,dost,
happy,khush,
beautiful,sundar,
important,mahatvapurn,
apple,seb,
water,pani,
family,parivar,
house,ghar,
book,kitaab,
school,school,
friend,dost,
happy,khush,
beautiful,sundar,
important,mahatvapurn,
apple,seb,
water,pani,
family,parivar,
house,ghar,
book,kitaab,
school,school,
friend,dost,
happy,khush,
beautiful,sundar,
important,mahatvapurn,
apple,seb,
water,pani,
family,parivar,
house,ghar,
book,kitaab,
school,school,
friend,dost,
happy,khush,
beautiful,sundar,
important,mahatvapurn,
apple,seb,
water,pani,
family,parivar,
house,ghar,
book,kitaab,
school,school,
friend,dost,
happy,khush,
beautiful,sundar,
important,mahatvapurn,
apple,seb,
water,pani,
family,parivar,
house,ghar,
book,kitaab,
school,school,
friend,dost,
happy,khush,
beautiful,sundar,
important,mahatvapurn,
apple,seb,
water,pani,
family,parivar,
house,ghar,
book,kitaab,
school,school,
friend,dost,
happy,khush,
beautiful,sundar,
important,mahatvapurn,
apple,seb,
water,pani,
family,parivar,
house,ghar,
book,kitaab,
school,school,
friend,dost,
happy,khush,
beautiful,sundar,
important,mahatvapurn,
apple,seb,
water,pani,
family,parivar,
house,ghar,
book,kitaab,
school,school,
friend,dost,
happy,khush,
beautiful,sundar,
important,mahatvapurn,
apple,seb,
water,pani,
family,parivar,
house,ghar,
book,kitaab,
school,school,
friend,dost,
happy,khush,
beautiful,sundar,
important,mahatvapurn,
apple,seb,
water,pani,
family,parivar,
house,ghar,
book,kitaab,
school,school,
friend,dost,
happy,khush,
beautiful,sundar,
important,mahatvapurn,
apple,seb,
water,pani,
family,parivar,
house,ghar,
book,kitaab,
school,school,
friend,dost,
happy,khush,
beautiful,sundar,
important,mahatvapurn,
apple,seb,
water,pani,
family,parivar,
house,ghar,
book,kitaab,
school,school,
friend,dost,
happy,khush,
beautiful,sundar,
important,mahatvapurn,
apple,seb,
water,pani,
family,parivar,
house,ghar,
book,kitaab,
school,school,
friend,dost,
happy,khush,
beautiful,sundar,
important,mahatvapurn,
apple,seb,
water,pani,
family,parivar,
house,ghar,
book,kitaab,
school,school,
friend,dost,
happy,khush,
beautiful,sundar,
important,mahatvapurn,
apple,seb,
water,pani,
family,parivar,
house,ghar,
book,kitaab,
school,school,
friend,dost,
happy,khush,
beautiful,sundar,
important,mahatvapurn,
apple,seb,
water,pani,
family,parivar,
house,ghar,
book,kitaab,
school,school,
friend,dost,
happy,khush,
beautiful,sundar,
important,mahatvapurn,
apple,seb,
water,pani,
family,parivar,
house,ghar,
book,kitaab,
school,school,
friend,dost,
happy,khush,
beautiful,sundar,
important,mahatvapurn,
apple,seb,
water,pani,
family,parivar,
house,ghar,
book,kitaab,
school,school,
friend,dost,
happy,khush,
beautiful,sundar,
important,mahatvapurn,
apple,seb,
water,pani,
family,parivar,
house,ghar,
book,kitaab,
school,school,
friend,dost,
happy,khush,
beautiful,sundar,
important,mahatvapurn,
apple,seb,
water,pani,
family,parivar,
house,ghar,
book,kitaab,
school,school,
friend,dost,
happy,khush,
beautiful,sundar,
important,mahatvapurn,
apple,seb,
water,pani,
family,parivar,
house,ghar,
book,kitaab,
school,school,
friend,dost,
happy,khush,
beautiful,sundar,
important,mahatvapurn,
apple,seb,
water,pani,
family,parivar,
house,ghar,
book,kitaab,
school,school,
friend,dost,
happy,khush,
beautiful,sundar,
important,mahatvapurn,
apple,seb,
water,pani,
family,parivar,
house,ghar,
book,kitaab,
school,school,
friend,dost,
happy,khush,
beautiful,sundar,
important,mahatvapurn,
apple,seb,
water,pani,
family,parivar,
house,ghar,
book,kitaab,
school,school,
friend,dost,
happy,khush,
beautiful,sundar,
important,mahatvapurn,
apple,seb,
water,pani,
family,parivar,
house,ghar,
book,kitaab,
school,school,
friend,dost,
happy,khush,
beautiful,sundar,
important,mahatvapurn,
apple,seb,
water,pani,
family,parivar,
house,ghar,
book,kitaab,
school,school,
friend,dost,
happy,khush,
beautiful,sundar,
important,mahatvapurn,
apple,seb,
water,pani,
family,parivar,
house,ghar,
book,kitaab,
school,school,
friend,dost,
happy,khush,
beautiful,sundar,
important,mahatvapurn,
apple,seb,
water,pani,
family,parivar,
house,ghar,
book,kitaab,
school,school,
friend,dost,
happy,khush,
beautiful,sundar,
important,mahatvapurn,
apple,seb,
water,pani,
family,parivar,
house,ghar,
book,kitaab,
school,school,
friend,dost,
happy,khush,
beautiful,sundar,
important,mahatvapurn,
apple,seb,
water,pani,
family,parivar,
house,ghar,
book,kitaab,
school,school,
friend,dost,
happy,khush,
beautiful,sundar,
important,mahatvapurn,
apple,seb,
water,pani,
family,parivar,
house,ghar,
book,kitaab,
school,school,
friend,dost,
happy,khush,
beautiful,sundar,
important,mahatvapurn,
apple,seb,
water,pani,
family,parivar,
house,ghar,
book,kitaab,
school,school,
friend,dost,
happy,khush,
beautiful,sundar,
important,mahatvapurn,
apple,seb,
water,pani,
family,parivar,
house,ghar,
book,kitaab,
school,school,
friend,dost,
happy,khush,
beautiful,sundar,
important,mahatvapurn,
apple,seb,
water,pani,
family,parivar,
house,ghar,
book,kitaab,
school,school,
friend,dost,
happy,khush,
beautiful,sundar,
important,mahatvapurn,
apple,seb,
water,pani,
family,parivar,
house,ghar,
book,kitaab,
school,school,
friend,dost,
happy,khush,
beautiful,sundar,
important,mahatvapurn,
apple,seb,
water,pani,
family,parivar,
house,ghar,
book,kitaab,
school,school,
friend,dost,
happy,khush,
beautiful,sundar,
important,mahatvapurn,
apple,seb,
water,pani,
family,parivar,
house,ghar,
book,kitaab,
school,school,
friend,dost,
happy,khush,
beautiful,sundar,
important,mahatvapurn,
apple,seb,
water,pani,
family,parivar,
house,ghar,
book,kitaab,
school,school,
friend,dost,
happy,khush,
beautiful,sundar,
important,mahatvapurn,
apple,seb,
water,pani,
family,parivar,
house,ghar,
book,kitaab,
school,school,
friend,dost,
happy,khush,
beautiful,sundar,
important,mahatvapurn,
apple,seb,
water,pani,
family,parivar,
house,ghar,
book,kitaab,
school,school,
friend,dost,
happy,khush,
beautiful,sundar,
important,mahatvapurn,
apple,seb,
water,pani,
family,parivar,
house,ghar,
book,kitaab,
school,school,
friend,dost,
happy,khush,
beautiful,sundar,
important,mahatvapurn,
ability,kshamata,
achieve,praapt karna,
efficient,kushal,
situation,sthiti,
consider,vichaar karna,
compare,tulana karna,
require,aavashyak hona,
purpose,uddeshya,
confident,aatmavishvaasi,
improve,sudhaar karna,
ability,kshamata,
achieve,praapt karna,
efficient,kushal,
situation,sthiti,
consider,vichaar karna,
compare,tulana karna,
require,aavashyak hona,
purpose,uddeshya,
confident,aatmavishvaasi,
improve,sudhaar karna,
ability,kshamata,
achieve,praapt karna,
efficient,kushal,
situation,sthiti,
consider,vichaar karna,
compare,tulana karna,
require,aavashyak hona,
purpose,uddeshya,
confident,aatmavishvaasi,
improve,sudhaar karna,
ability,kshamata,
achieve,praapt karna,
efficient,kushal,
situation,sthiti,
consider,vichaar karna,
compare,tulana karna,
require,aavashyak hona,
purpose,uddeshya,
confident,aatmavishvaasi,
improve,sudhaar karna,
ability,kshamata,
achieve,praapt karna,
efficient,kushal,
situation,sthiti,
consider,vichaar karna,
compare,tulana karna,
require,aavashyak hona,
purpose,uddeshya,
confident,aatmavishvaasi,
improve,sudhaar karna,
ability,kshamata,
achieve,praapt karna,
efficient,kushal,
situation,sthiti,
consider,vichaar karna,
compare,tulana karna,
require,aavashyak hona,
purpose,uddeshya,
confident,aatmavishvaasi,
improve,sudhaar karna,
ability,kshamata,
achieve,praapt karna,
efficient,kushal,
situation,sthiti,
consider,vichaar karna,
compare,tulana karna,
require,aavashyak hona,
purpose,uddeshya,
confident,aatmavishvaasi,
improve,sudhaar karna,
ability,kshamata,
achieve,praapt karna,
efficient,kushal,
situation,sthiti,
consider,vichaar karna,
compare,tulana karna,
require,aavashyak hona,
purpose,uddeshya,
confident,aatmavishvaasi,
improve,sudhaar karna,
ability,kshamata,
achieve,praapt karna,
efficient,kushal,
situation,sthiti,
consider,vichaar karna,
compare,tulana karna,
require,aavashyak hona,
purpose,uddeshya,
confident,aatmavishvaasi,
improve,sudhaar karna,
ability,kshamata,
achieve,praapt karna,
efficient,kushal,
situation,sthiti,
consider,vichaar karna,
compare,tulana karna,
require,aavashyak hona,
purpose,uddeshya,
confident,aatmavishvaasi,
improve,sudhaar karna,
ability,kshamata,
achieve,praapt karna,
efficient,kushal,
situation,sthiti,
consider,vichaar karna,
compare,tulana karna,
require,aavashyak hona,
purpose,uddeshya,
confident,aatmavishvaasi,
improve,sudhaar karna,
ability,kshamata,
achieve,praapt karna,
efficient,kushal,
situation,sthiti,
consider,vichaar karna,
compare,tulana karna,
require,aavashyak hona,
purpose,uddeshya,
confident,aatmavishvaasi,
improve,sudhaar karna,
ability,kshamata,
achieve,praapt karna,
efficient,kushal,
situation,sthiti,
consider,vichaar karna,
compare,tulana karna,
require,aavashyak hona,
purpose,uddeshya,
confident,aatmavishvaasi,
improve,sudhaar karna,
ability,kshamata,
achieve,praapt karna,
efficient,kushal,
situation,sthiti,
consider,vichaar karna,
compare,tulana karna,
require,aavashyak hona,
purpose,uddeshya,
confident,aatmavishvaasi,
improve,sudhaar karna,
ability,kshamata,
achieve,praapt karna,
efficient,kushal,
situation,sthiti,
consider,vichaar karna,
compare,tulana karna,
require,aavashyak hona,
purpose,uddeshya,
confident,aatmavishvaasi,
improve,sudhaar karna,
ability,kshamata,
achieve,praapt karna,
efficient,kushal,
situation,sthiti,
consider,vichaar karna,
compare,tulana karna,
require,aavashyak hona,
purpose,uddeshya,
confident,aatmavishvaasi,
improve,sudhaar karna,
ability,kshamata,
achieve,praapt karna,
efficient,kushal,
situation,sthiti,
consider,vichaar karna,
compare,tulana karna,
require,aavashyak hona,
purpose,uddeshya,
confident,aatmavishvaasi,
improve,sudhaar karna,
ability,kshamata,
achieve,praapt karna,
efficient,kushal,
situation,sthiti,
consider,vichaar karna,
compare,tulana karna,
require,aavashyak hona,
purpose,uddeshya,
confident,aatmavishvaasi,
improve,sudhaar karna,
ability,kshamata,
achieve,praapt karna,
efficient,kushal,
situation,sthiti,
consider,vichaar karna,
compare,tulana karna,
require,aavashyak hona,
purpose,uddeshya,
confident,aatmavishvaasi,
improve,sudhaar karna,
ability,kshamata,
achieve,praapt karna,
efficient,kushal,
situation,sthiti,
consider,vichaar karna,
compare,tulana karna,
require,aavashyak hona,
purpose,uddeshya,
confident,aatmavishvaasi,
improve,sudhaar karna,
ability,kshamata,
achieve,praapt karna,
efficient,kushal,
situation,sthiti,
consider,vichaar karna,
compare,tulana karna,
require,aavashyak hona,
purpose,uddeshya,
confident,aatmavishvaasi,
improve,sudhaar karna,
ability,kshamata,
achieve,praapt karna,
efficient,kushal,
situation,sthiti,
consider,vichaar karna,
compare,tulana karna,
require,aavashyak hona,
purpose,uddeshya,
confident,aatmavishvaasi,
improve,sudhaar karna,
ability,kshamata,
achieve,praapt karna,
efficient,kushal,
situation,sthiti,
consider,vichaar karna,
compare,tulana karna,
require,aavashyak hona,
purpose,uddeshya,
confident,aatmavishvaasi,
improve,sudhaar karna,
ability,kshamata,
achieve,praapt karna,
efficient,kushal,
situation,sthiti,
consider,vichaar karna,
compare,tulana karna,
require,aavashyak hona,
purpose,uddeshya,
confident,aatmavishvaasi,
improve,sudhaar karna,
ability,kshamata,
achieve,praapt karna,
efficient,kushal,
situation,sthiti,
consider,vichaar karna,
compare,tulana karna,
require,aavashyak hona,
purpose,uddeshya,
confident,aatmavishvaasi,
improve,sudhaar karna,
ability,kshamata,
achieve,praapt karna,
efficient,kushal,
situation,sthiti,
consider,vichaar karna,
compare,tulana karna,
require,aavashyak hona,
purpose,uddeshya,
confident,aatmavishvaasi,
improve,sudhaar karna,
ability,kshamata,
achieve,praapt karna,
efficient,kushal,
situation,sthiti,
consider,vichaar karna,
compare,tulana karna,
require,aavashyak hona,
purpose,uddeshya,
confident,aatmavishvaasi,
improve,sudhaar karna,
ability,kshamata,
achieve,praapt karna,
efficient,kushal,
situation,sthiti,
consider,vichaar karna,
compare,tulana karna,
require,aavashyak hona,
purpose,uddeshya,
confident,aatmavishvaasi,
improve,sudhaar karna,
ability,kshamata,
achieve,praapt karna,
efficient,kushal,
situation,sthiti,
consider,vichaar karna,
compare,tulana karna,
require,aavashyak hona,
purpose,uddeshya,
confident,aatmavishvaasi,
improve,sudhaar karna,
ability,kshamata,
achieve,praapt karna,
efficient,kushal,
situation,sthiti,
consider,vichaar karna,
compare,tulana karna,
require,aavashyak hona,
purpose,uddeshya,
confident,aatmavishvaasi,
improve,sudhaar karna,
ability,kshamata,
achieve,praapt karna,
efficient,kushal,
situation,sthiti,
consider,vichaar karna,
compare,tulana karna,
require,aavashyak hona,
purpose,uddeshya,
confident,aatmavishvaasi,
improve,sudhaar karna,
ability,kshamata,
achieve,praapt karna,
efficient,kushal,
situation,sthiti,
consider,vichaar karna,
compare,tulana karna,
require,aavashyak hona,
purpose,uddeshya,
confident,aatmavishvaasi,
improve,sudhaar karna,
ability,kshamata,
achieve,praapt karna,
efficient,kushal,
situation,sthiti,
consider,vichaar karna,
compare,tulana karna,
require,aavashyak hona,
purpose,uddeshya,
confident,aatmavishvaasi,
improve,sudhaar karna,
ability,kshamata,
achieve,praapt karna,
efficient,kushal,
situation,sthiti,
consider,vichaar karna,
compare,tulana karna,
require,aavashyak hona,
purpose,uddeshya,
confident,aatmavishvaasi,
improve,sudhaar karna,
ability,kshamata,
achieve,praapt karna,
efficient,kushal,
situation,sthiti,
consider,vichaar karna,
compare,tulana karna,
require,aavashyak hona,
purpose,uddeshya,
confident,aatmavishvaasi,
improve,sudhaar karna,
ability,kshamata,
achieve,praapt karna,
efficient,kushal,
situation,sthiti,
consider,vichaar karna,
compare,tulana karna,
require,aavashyak hona,
purpose,uddeshya,
confident,aatmavishvaasi,
improve,sudhaar karna,
ability,kshamata,
achieve,praapt karna,
efficient,kushal,
situation,sthiti,
consider,vichaar karna,
compare,tulana karna,
require,aavashyak hona,
purpose,uddeshya,
confident,aatmavishvaasi,
improve,sudhaar karna,
ability,kshamata,
achieve,praapt karna,
efficient,kushal,
situation,sthiti,
consider,vichaar karna,
compare,tulana karna,
require,aavashyak hona,
purpose,uddeshya,
confident,aatmavishvaasi,
improve,sudhaar karna,
ability,kshamata,
achieve,praapt karna,
efficient,kushal,
situation,sthiti,
consider,vichaar karna,
compare,tulana karna,
require,aavashyak hona,
purpose,uddeshya,
confident,aatmavishvaasi,
improve,sudhaar karna,
ability,kshamata,
achieve,praapt karna,
efficient,kushal,
situation,sthiti,
consider,vichaar karna,
compare,tulana karna,
require,aavashyak hona,
purpose,uddeshya,
confident,aatmavishvaasi,
improve,sudhaar karna,
ability,kshamata,
achieve,praapt karna,
efficient,kushal,
situation,sthiti,
consider,vichaar karna,
compare,tulana karna,
require,aavashyak hona,
purpose,uddeshya,
confident,aatmavishvaasi,
improve,sudhaar karna,
ability,kshamata,
achieve,praapt karna,
efficient,kushal,
situation,sthiti,
consider,vichaar karna,
compare,tulana karna,
require,aavashyak hona,
purpose,uddeshya,
confident,aatmavishvaasi,
improve,sudhaar karna,
ability,kshamata,
achieve,praapt karna,
efficient,kushal,
situation,sthiti,
consider,vichaar karna,
compare,tulana karna,
require,aavashyak hona,
purpose,uddeshya,
confident,aatmavishvaasi,
improve,sudhaar karna,
ability,kshamata,
achieve,praapt karna,
efficient,kushal,
situation,sthiti,
consider,vichaar karna,
compare,tulana karna,
require,aavashyak hona,
purpose,uddeshya,
confident,aatmavishvaasi,
improve,sudhaar karna,
ability,kshamata,
achieve,praapt karna,
efficient,kushal,
situation,sthiti,
consider,vichaar karna,
compare,tulana karna,
require,aavashyak hona,
purpose,uddeshya,
confident,aatmavishvaasi,
improve,sudhaar karna,
ability,kshamata,
achieve,praapt karna,
efficient,kushal,
situation,sthiti,
consider,vichaar karna,
compare,tulana karna,
require,aavashyak hona,
purpose,uddeshya,
confident,aatmavishvaasi,
improve,sudhaar karna,
ability,kshamata,
achieve,praapt karna,
efficient,kushal,
situation,sthiti,
consider,vichaar karna,
compare,tulana karna,
require,aavashyak hona,
purpose,uddeshya,
confident,aatmavishvaasi,
improve,sudhaar karna,
ability,kshamata,
achieve,praapt karna,
efficient,kushal,
situation,sthiti,
consider,vichaar karna,
compare,tulana karna,
require,aavashyak hona,
purpose,uddeshya,
confident,aatmavishvaasi,
improve,sudhaar karna,
ability,kshamata,
achieve,praapt karna,
efficient,kushal,
situation,sthiti,
consider,vichaar karna,
compare,tulana karna,
require,aavashyak hona,
purpose,uddeshya,
confident,aatmavishvaasi,
improve,sudhaar karna,
ability,kshamata,
achieve,praapt karna,
efficient,kushal,
situation,sthiti,
consider,vichaar karna,
compare,tulana karna,
require,aavashyak hona,
purpose,uddeshya,
confident,aatmavishvaasi,
improve,sudhaar karna,
negotiate,baatcheet karna,
deadline,antim tithi,
strategy,ranneeti,
revenue,raajasv,
inventory,bhandaar,
proposal,prastaav,
department,vibhaag,
feedback,pratikriya,
workflow,kaaryapravah,
compliance,anupaalan,
negotiate,baatcheet karna,
deadline,antim tithi,
strategy,ranneeti,
revenue,raajasv,
inventory,bhandaar,
proposal,prastaav,
department,vibhaag,
feedback,pratikriya,
workflow,kaaryapravah,
compliance,anupaalan,
negotiate,baatcheet karna,
deadline,antim tithi,
strategy,ranneeti,
revenue,raajasv,
inventory,bhandaar,
proposal,prastaav,
department,vibhaag,
feedback,pratikriya,
workflow,kaaryapravah,
compliance,anupaalan,
negotiate,baatcheet karna,
deadline,antim tithi,
strategy,ranneeti,
revenue,raajasv,
inventory,bhandaar,
proposal,prastaav,
department,vibhaag,
feedback,pratikriya,
workflow,kaaryapravah,
compliance,anupaalan,
negotiate,baatcheet karna,
deadline,antim tithi,
strategy,ranneeti,
revenue,raajasv,
inventory,bhandaar,
proposal,prastaav,
department,vibhaag,
feedback,pratikriya,
workflow,kaaryapravah,
compliance,anupaalan,
negotiate,baatcheet karna,
deadline,antim tithi,
strategy,ranneeti,
revenue,raajasv,
inventory,bhandaar,
proposal,prastaav,
department,vibhaag,
feedback,pratikriya,
workflow,kaaryapravah,
compliance,anupaalan,
negotiate,baatcheet karna,
deadline,antim tithi,
strategy,ranneeti,
revenue,raajasv,
inventory,bhandaar,
proposal,prastaav,
department,vibhaag,
feedback,pratikriya,
workflow,kaaryapravah,
compliance,anupaalan,
negotiate,baatcheet karna,
deadline,antim tithi,
strategy,ranneeti,
revenue,raajasv,
inventory,bhandaar,
proposal,prastaav,
department,vibhaag,
feedback,pratikriya,
workflow,kaaryapravah,
compliance,anupaalan,
negotiate,baatcheet karna,
deadline,antim tithi,
strategy,ranneeti,
revenue,raajasv,
inventory,bhandaar,
proposal,prastaav,
department,vibhaag,
feedback,pratikriya,
workflow,kaaryapravah,
compliance,anupaalan,
negotiate,baatcheet karna,
deadline,antim tithi,
strategy,ranneeti,
revenue,raajasv,
inventory,bhandaar,
proposal,prastaav,
department,vibhaag,
feedback,pratikriya,
workflow,kaaryapravah,
compliance,anupaalan,
negotiate,baatcheet karna,
deadline,antim tithi,
strategy,ranneeti,
revenue,raajasv,
inventory,bhandaar,
proposal,prastaav,
department,vibhaag,
feedback,pratikriya,
workflow,kaaryapravah,
compliance,anupaalan,
negotiate,baatcheet karna,
deadline,antim tithi,
strategy,ranneeti,
revenue,raajasv,
inventory,bhandaar,
proposal,prastaav,
department,vibhaag,
feedback,pratikriya,
workflow,kaaryapravah,
compliance,anupaalan,
negotiate,baatcheet karna,
deadline,antim tithi,
strategy,ranneeti,
revenue,raajasv,
inventory,bhandaar,
proposal,prastaav,
department,vibhaag,
feedback,pratikriya,
workflow,kaaryapravah,
compliance,anupaalan,
negotiate,baatcheet karna,
deadline,antim tithi,
strategy,ranneeti,
revenue,raajasv,
inventory,bhandaar,
proposal,prastaav,
department,vibhaag,
feedback,pratikriya,
workflow,kaaryapravah,
compliance,anupaalan,
negotiate,baatcheet karna,
deadline,antim tithi,
strategy,ranneeti,
revenue,raajasv,
inventory,bhandaar,
proposal,prastaav,
department,vibhaag,
feedback,pratikriya,
workflow,kaaryapravah,
compliance,anupaalan,
negotiate,baatcheet karna,
deadline,antim tithi,
strategy,ranneeti,
revenue,raajasv,
inventory,bhandaar,
proposal,prastaav,
department,vibhaag,
feedback,pratikriya,
workflow,kaaryapravah,
compliance,anupaalan,
negotiate,baatcheet karna,
deadline,antim tithi,
strategy,ranneeti,
revenue,raajasv,
inventory,bhandaar,
proposal,prastaav,
department,vibhaag,
feedback,pratikriya,
workflow,kaaryapravah,
compliance,anupaalan,
negotiate,baatcheet karna,
deadline,antim tithi,
strategy,ranneeti,
revenue,raajasv,
inventory,bhandaar,
proposal,prastaav,
department,vibhaag,
feedback,pratikriya,
workflow,kaaryapravah,
compliance,anupaalan,
negotiate,baatcheet karna,
deadline,antim tithi,
strategy,ranneeti,
revenue,raajasv,
inventory,bhandaar,
proposal,prastaav,
department,vibhaag,
feedback,pratikriya,
workflow,kaaryapravah,
compliance,anupaalan,
negotiate,baatcheet karna,
deadline,antim tithi,
strategy,ranneeti,
revenue,raajasv,
inventory,bhandaar,
proposal,prastaav,
department,vibhaag,
feedback,pratikriya,
workflow,kaaryapravah,
compliance,anupaalan,
negotiate,baatcheet karna,
deadline,antim tithi,
strategy,ranneeti,
revenue,raajasv,
inventory,bhandaar,
proposal,prastaav,
department,vibhaag,
feedback,pratikriya,
workflow,kaaryapravah,
compliance,anupaalan,
negotiate,baatcheet karna,
deadline,antim tithi,
strategy,ranneeti,
revenue,raajasv,
inventory,bhandaar,
proposal,prastaav,
department,vibhaag,
feedback,pratikriya,
workflow,kaaryapravah,
compliance,anupaalan,
negotiate,baatcheet karna,
deadline,antim tithi,
strategy,ranneeti,
revenue,raajasv,
inventory,bhandaar,
proposal,prastaav,
department,vibhaag,
feedback,pratikriya,
workflow,kaaryapravah,
compliance,anupaalan,
negotiate,baatcheet karna,
deadline,antim tithi,
strategy,ranneeti,
revenue,raajasv,
inventory,bhandaar,
proposal,prastaav,
department,vibhaag,
feedback,pratikriya,
workflow,kaaryapravah,
compliance,anupaalan,
negotiate,baatcheet karna,
deadline,antim tithi,
strategy,ranneeti,
revenue,raajasv,
inventory,bhandaar,
proposal,prastaav,
department,vibhaag,
feedback,pratikriya,
workflow,kaaryapravah,
compliance,anupaalan,
negotiate,baatcheet karna,
deadline,antim tithi,
strategy,ranneeti,
revenue,raajasv,
inventory,bhandaar,
proposal,prastaav,
department,vibhaag,
feedback,pratikriya,
workflow,kaaryapravah,
compliance,anupaalan,
negotiate,baatcheet karna,
deadline,antim tithi,
strategy,ranneeti,
revenue,raajasv,
inventory,bhandaar,
proposal,prastaav,
department,vibhaag,
feedback,pratikriya,
workflow,kaaryapravah,
compliance,anupaalan,
negotiate,baatcheet karna,
deadline,antim tithi,
strategy,ranneeti,
revenue,raajasv,
inventory,bhandaar,
proposal,prastaav,
department,vibhaag,
feedback,pratikriya,
workflow,kaaryapravah,
compliance,anupaalan,
negotiate,baatcheet karna,
deadline,antim tithi,
strategy,ranneeti,
revenue,raajasv,
inventory,bhandaar,
proposal,prastaav,
department,vibhaag,
feedback,pratikriya,
workflow,kaaryapravah,
compliance,anupaalan,
negotiate,baatcheet karna,
deadline,antim tithi,
strategy,ranneeti,
revenue,raajasv,
inventory,bhandaar,
proposal,prastaav,
department,vibhaag,
feedback,pratikriya,
workflow,kaaryapravah,
compliance,anupaalan,
negotiate,baatcheet karna,
deadline,antim tithi,
strategy,ranneeti,
revenue,raajasv,
inventory,bhandaar,
proposal,prastaav,
department,vibhaag,
feedback,pratikriya,
workflow,kaaryapravah,
compliance,anupaalan,
negotiate,baatcheet karna,
deadline,antim tithi,
strategy,ranneeti,
revenue,raajasv,
inventory,bhandaar,
proposal,prastaav,
department,vibhaag,
feedback,pratikriya,
workflow,kaaryapravah,
compliance,anupaalan,
negotiate,baatcheet karna,
deadline,antim tithi,
strategy,ranneeti,
revenue,raajasv,
inventory,bhandaar,
proposal,prastaav,
department,vibhaag,
feedback,pratikriya,
workflow,kaaryapravah,
compliance,anupaalan,
negotiate,baatcheet karna,
deadline,antim tithi,
strategy,ranneeti,
revenue,raajasv,
inventory,bhandaar,
proposal,prastaav,
department,vibhaag,
feedback,pratikriya,
workflow,kaaryapravah,
compliance,anupaalan,
negotiate,baatcheet karna,
deadline,antim tithi,
strategy,ranneeti,
revenue,raajasv,
inventory,bhandaar,
proposal,prastaav,
department,vibhaag,
feedback,pratikriya,
workflow,kaaryapravah,
compliance,anupaalan,
negotiate,baatcheet karna,
deadline,antim tithi,
strategy,ranneeti,
revenue,raajasv,
inventory,bhandaar,
proposal,prastaav,
department,vibhaag,
feedback,pratikriya,
workflow,kaaryapravah,
compliance,anupaalan,
negotiate,baatcheet karna,
deadline,antim tithi,
strategy,ranneeti,
revenue,raajasv,
inventory,bhandaar,
proposal,prastaav,
department,vibhaag,
feedback,pratikriya,
workflow,kaaryapravah,
compliance,anupaalan,
negotiate,baatcheet karna,
deadline,antim tithi,
strategy,ranneeti,
revenue,raajasv,
inventory,bhandaar,
proposal,prastaav,
department,vibhaag,
feedback,pratikriya,
workflow,kaaryapravah,
compliance,anupaalan,
negotiate,baatcheet karna,
deadline,antim tithi,
strategy,ranneeti,
revenue,raajasv,
inventory,bhandaar,
proposal,prastaav,
department,vibhaag,
feedback,pratikriya,
workflow,kaaryapravah,
compliance,anupaalan,
negotiate,baatcheet karna,
deadline,antim tithi,
strategy,ranneeti,
revenue,raajasv,
inventory,bhandaar,
proposal,prastaav,
department,vibhaag,
feedback,pratikriya,
workflow,kaaryapravah,
compliance,anupaalan,
negotiate,baatcheet karna,
deadline,antim tithi,
strategy,ranneeti,
revenue,raajasv,
inventory,bhandaar,
proposal,prastaav,
department,vibhaag,
feedback,pratikriya,
workflow,kaaryapravah,
compliance,anupaalan,
negotiate,baatcheet karna,
deadline,antim tithi,
strategy,ranneeti,
revenue,raajasv,
inventory,bhandaar,
proposal,prastaav,
department,vibhaag,
feedback,pratikriya,
workflow,kaaryapravah,
compliance,anupaalan,
negotiate,baatcheet karna,
deadline,antim tithi,
strategy,ranneeti,
revenue,raajasv,
inventory,bhandaar,
proposal,prastaav,
department,vibhaag,
feedback,pratikriya,
workflow,kaaryapravah,
compliance,anupaalan,
negotiate,baatcheet karna,
deadline,antim tithi,
strategy,ranneeti,
revenue,raajasv,
inventory,bhandaar,
proposal,prastaav,
department,vibhaag,
feedback,pratikriya,
workflow,kaaryapravah,
compliance,anupaalan,
negotiate,baatcheet karna,
deadline,antim tithi,
strategy,ranneeti,
revenue,raajasv,
inventory,bhandaar,
proposal,prastaav,
department,vibhaag,
feedback,pratikriya,
workflow,kaaryapravah,
compliance,anupaalan,
negotiate,baatcheet karna,
deadline,antim tithi,
strategy,ranneeti,
revenue,raajasv,
inventory,bhandaar,
proposal,prastaav,
department,vibhaag,
feedback,pratikriya,
workflow,kaaryapravah,
compliance,anupaalan,
negotiate,baatcheet karna,
deadline,antim tithi,
strategy,ranneeti,
revenue,raajasv,
inventory,bhandaar,
proposal,prastaav,
department,vibhaag,
feedback,pratikriya,
workflow,kaaryapravah,
compliance,anupaalan,
negotiate,baatcheet karna,
deadline,antim tithi,
strategy,ranneeti,
revenue,raajasv,
inventory,bhandaar,
proposal,prastaav,
department,vibhaag,
feedback,pratikriya,
workflow,kaaryapravah,
compliance,anupaalan,
negotiate,baatcheet karna,
deadline,antim tithi,
strategy,ranneeti,
revenue,raajasv,
inventory,bhandaar,
proposal,prastaav,
department,vibhaag,
feedback,pratikriya,
workflow,kaaryapravah,
compliance,anupaalan,
negotiate,baatcheet karna,
deadline,antim tithi,
strategy,ranneeti,
revenue,raajasv,
inventory,bhandaar,
proposal,prastaav,
department,vibhaag,
feedback,pratikriya,
workflow,kaaryapravah,
compliance,anupaalan,
